﻿<?xml version="1.0" encoding="utf-8" ?>
<Hercules configver="1">

  
  <!-- How many photos are printed (1, 2, 4, 6) -->
  <add key="PHOTO_COUNT" value="4" />

  <!-- How many prints (1=single print, 2=two prints .. up to 99999 -->
  <add key="MAX_COPIES" value="1" />

  <!-- Allow user choice or force one each  -->
  <add key="ALLOW_BACKGROUND_PICK" value="1" />

  <!-- How many backgrounds are we dealing with? (1=only 1 bg every time no screen choosing)  -->
  <add key="BACKGROUNDS" value="4" />

  <!-- 1 = BW only, 2 = Color only 3 = User choice -->
  <add key="COLOR_TYPES" value="5" />

  <add key="ROOM_NUMBER_MODE" value="0" />

  <!-- The color of text generaeted by the booth example #ffffff = white, #000000 = black -->
  <add key="TEXT_COLOR" value="#66666" />


  <!-- touch area for start page -->
  <add key="StartButtonX" value="650" />
  <add key="StartButtonY" value="570" />
  <add key="StartButtonWidth" value="220" />
  <add key="StartButtonHeight" value="200" />
  <add key="StartButtonColor" value="" />

  <!-- touch area for skip email -->
  <add key="SkipEmailButtonX" value="900" />
  <add key="SkipEmailButtonY" value="40" />
  <add key="SkipEmailButtonWidth" value="100" />
  <add key="SkipEmailButtonHeight" value="100" />
  <add key="SkipEmailButtonColor" value=""/>  

  <!-- Publish methods -->
  <add key="AllowEmailPublish" value="1" /> <!-- 1=on, 0=off -->


  <add key="AllowPostPublish" value="1" />
  <add key="AllowFacebookPublish" value="1" />
  <add key="AllowMobilePublish" value="0" />




  <add key="HerculesPublishUrl" value="http://favpic.mobi/hercules.php"/>

  <add key="UploadFavoritePhotoToAutolycus" value="1" />  
  <add key="AutolycusPublishUrl" value="http://favpic.mobi/hercules.php"/>



  <!-- cloud for the photo booths -->


  <add key="PublicPhotoUrl" value="http://favpic.mobi/event/{1}/photo/{0}.jpg"/>


  <!-- Email settings -->
  <add key="ForceEmail" value="1" /> <!-- 1=force, 0=give skip button -->


  <!-- user cannot skip the email screen (operator has hidden skip button) -->
  <add key="EmailPublishUrl" value="http://favpic.mobi/hercules.php" />


  <!-- leave blank to use smtp settings below -->
  <add key="SmtpServer" value="" />
  <add key="SmtpUsername" value="" />
  <add key="SmtpPassword" value="" />

  <!-- built-in customization -->
  <add key="CustomPhotoUrl" value="" />
  <add key="CustomPublishUrl" value="http://favpic.mobi/favoritephoto.php?viewing={1}_{0}"/>




  <!-- 4 Photo customization -->
  <add key="Photo1_X" value="60" />
  <add key="Photo1_Y" value="40" />
  <add key="Photo1_W" value="570" />
  <add key="Photo1_H" value="750" />
  <add key="Photo1_Rotate" value="0" />
  
  <add key="Photo2_X" value="655" />
  <add key="Photo2_Y" value="40" />
  <add key="Photo2_W" value="570" />
  <add key="Photo2_H" value="750" />
  <add key="Photo2_Rotate" value="0" />

  <add key="Photo3_X" value="60" />
  <add key="Photo3_Y" value="830" />
  <add key="Photo3_W" value="570" />
  <add key="Photo3_H" value="750" />
  <add key="Photo3_Rotate" value="0" />

  <add key="Photo4_X" value="655" />
  <add key="Photo4_Y" value="830" />
  <add key="Photo4_W" value="570" />
  <add key="Photo4_H" value="750" />
  <add key="Photo4_Rotate" value="0" />

  

</Hercules>