Session,Date/Time,ColorType,EmailAddress,
74750932-5764-4ed3-858d-dfb80afa3077,1/10/2012 8:36 PM,Color,,
01302b66-e5b3-419d-89bd-d468a328cdb3,1/11/2012 1:21 AM,Color,ronstone@gmail.com,
51f259b5-a5ca-44e8-84a6-70747fb41c0c,1/11/2012 9:12 AM,Color,jtli33@aol.com,
6c9ca075-f990-4cb3-aab9-a3ea76cc0172,1/11/2012 9:18 AM,Color,jtli33@aol.com,
b8c3cbff-ce11-4d67-8347-cb4c201b844d,1/11/2012 9:29 AM,Color,,
48deea68-c081-4623-a909-1dbdaa80f654,1/11/2012 11:38 AM,Color,,
7c03bc58-855e-4782-b4df-355dee7fab5b,1/12/2012 10:40 AM,Color,jtli33@aol.com,
17774de2-f2ce-417c-b84d-3af0761a22b9,1/12/2012 10:53 AM,Color,jtli33@aol.com,
8543ce8b-7c38-478e-984c-5b2cb2bb169e,1/12/2012 1:11 PM,Color,,
a4ce388b-380d-4083-8206-e763db0d269e,2/7/2012 2:56 PM,Color,,
3f5e51d8-b0c5-40b0-a69f-005ef742efd5,3/1/2012 9:24 AM,Color,,
1dd428a7-fada-46e1-b100-12d6105ca5a6,3/1/2012 10:45 AM,Color,,
