﻿<?xml version="1.0" encoding="utf-8" ?>
<Hercules configver="1">


<page type="keyboard" screen="question1.jpg" sound="question1.wav" question="CompanyName">
</page>


<page type="selection" screen="question2.jpg" sound="question2.wav" question="Aware of Corporate Citizenship Signature Programs">
  <choice x="105" y="260" width="370" height="140" text="" color="" value="AbilityToInnovate" />
  <choice x="105" y="410" width="370" height="140" text="" color="" value="ScaleMyBusiness" />
  <choice x="543" y="260" width="370" height="140" text="" color="" value="SaveMoney" />
  <choice x="543" y="410" width="370" height="140" text="" color="" value="FasterToMarket" />
  <choice x="323" y="585" width="370" height="140" text="" color="" value="AccessServices" />


</page>


</Hercules>