Session,Date/Time,ColorType,EmailAddress,"HowSelectFragrance","SelectedScent",Background,
9dc92123-db47-4715-8647-11f8e681b5ee,2/10/2012 12:37 PM,Color,csaccocc@estee.com,"ByFragranceType","Nude","bg4",
78708cdc-7ccb-4481-8121-c992da3a7feb,2/10/2012 12:41 PM,Color,pledge2purity@gmail.com,"ByFragranceType","Nude","bg1",
9a973d95-6338-49b0-8f6d-f0696cf89a3a,2/10/2012 1:08 PM,Color,grptcorp@gmail.com,"MakesMeFeel","Nude","bg3",
4d0228e0-fa37-44d7-b185-8d1568a620e4,2/10/2012 1:16 PM,BW,claudemonster@yahoo.com,"MakesMeFeel","Nude","bg3",
d5b8f3db-ee12-4113-9172-86bbbceee3b3,2/10/2012 1:30 PM,Color,dilaatay0@gmail.com,"MakesMeFeel","Nude","bg1",
9dc67a4d-e62a-45e2-8204-cfe0e14283ef,2/10/2012 1:35 PM,Color,tonywestacts@earthlink.net,"MakesMeFeel","Sheer","bg1",
7cd0236e-baea-40ac-ac71-d4c60edd58d4,2/10/2012 1:40 PM,Color,lidiaflores46@gmail.com,"ByFragranceType","Nude","bg1",
d0af75e3-e274-4e71-88df-e717047afaa9,2/10/2012 1:55 PM,Color,sun_child_0913@hotmail.com,"ByFragranceType","Sheer","bg3",
9164a5a7-e922-4c85-8b75-762159094770,2/10/2012 2:00 PM,Color,siuycheng@gmail.com,"MakesMeFeel","Sheer","bg2",
51dd8ee2-b46f-457a-ad4c-f0579acf8846,2/10/2012 2:02 PM,BW,arelis1275@hotmail.com,"ByFragranceType","Nude","bg2",
7a50f679-90a8-4773-9642-5c72ff0d2dc1,2/10/2012 2:05 PM,Color,petervargas12@aol.com,"MakesMeFeel","Nude","bg3",
6feb8ea2-54da-42dc-8ed1-ffd0c35a1436,2/10/2012 2:07 PM,Color,thfg@hgj.com,"MakesMeFeel","Bloom","bg3",
cc560134-e25a-4f9e-93f1-d2fc30b680cd,2/10/2012 2:10 PM,Color,impage14@gmail.com,"MakesMeFeel","Sheer","bg1",
7ee6cd8d-db8b-481a-81a4-c309eaf878b4,2/10/2012 2:13 PM,Color,areli1275@hotmail.com,"MakesMeFeel","Sheer","bg3",
6506fe6d-db55-43fc-8f9d-7fb175db3592,2/10/2012 2:15 PM,BW,ashleyrenae@gmail.com,"MakesMeFeel","Sheer","bg4",
d5547618-aaf3-4ff7-bb22-e940543cc900,2/10/2012 2:18 PM,Color,nikasokolova@gmail.com,"MakesMeFeel","Bloom","bg2",
a535f2dc-72d8-48fc-a8d8-db0dc05361fb,2/10/2012 2:21 PM,BW,shess@estee.com,"MakesMeFeel","Bloom","bg4",
d2929825-921a-4dc9-ad98-ecc39f1554b6,2/10/2012 2:23 PM,Color,petervargas12@aol.com,"MakesMeFeel","Bloom","bg2",
071d8627-c26b-4848-8251-d511f2ffe600,2/10/2012 2:25 PM,Color,svetunya2000@yahoo.com,"MakesMeFeel","Bloom","bg3",
070ef636-b972-4f8b-b77b-cb0cb9ee6b30,2/10/2012 2:27 PM,BW,ms.emlou@gmail.com,"ByFragranceType","Nude","bg4",
78957981-c174-499d-985b-d1965afb57cd,2/10/2012 2:32 PM,Color,lidiaflores46@gmail.com,"MakesMeFeel","Bloom","bg2",
06253433-49f8-4bd4-822c-0aaf992a6fb6,2/10/2012 2:40 PM,Color,lidiaflores46@gmail.com,"ByFragranceType","Bloom","bg3",
dda680e4-bb76-44d6-af93-e93adecf12b8,2/10/2012 2:44 PM,Color,ghj@gmail.com,"ByFragranceType","Bloom","bg3",
e92c98a7-3b2b-4a1c-a91a-f18d59b3d28b,2/10/2012 2:47 PM,Color,ghl@gmail.com,"ByFragranceType","Bloom","bg1",
724ea6e5-7aa5-4ea2-b63d-4e9c8d736592,2/10/2012 2:51 PM,Color,sdavis1st@hotmail.com,"ByFragranceType","Nude","bg1",
45eac438-3d1d-4407-bdcf-7545de416965,2/10/2012 2:53 PM,Color,jtggf@yahoo.com,"ByFragranceType","Sheer","bg3",
d9fff96b-d98d-4dca-8f67-f481b681faa0,2/10/2012 3:03 PM,Color,marinekhachatryan@hotmail.com,"MakesMeFeel","Nude","bg4",
baa381a0-75dc-4eb9-899c-f876723f798c,2/10/2012 3:11 PM,Color,m.pass@comcast.net,"ByFragranceType","Sheer","bg2",
7514c5f3-def4-4f12-bc74-92668f560097,2/10/2012 3:13 PM,BW,msanna522@aol.com,"MakesMeFeel","Sheer","bg4",
c454cb30-60c6-4968-bcb0-ab584581b251,2/10/2012 3:14 PM,Color,,"ByFragranceType","Sheer","bg3",
b517f369-79ee-4224-97ba-40ac20eb8bb5,2/10/2012 3:19 PM,BW,heejin@hotmail.com,"ByFragranceType","Nude","bg1",
452252d2-2c29-43a6-aa7f-732546e94ce2,2/10/2012 3:24 PM,BW,sophie.deburgh@gmail.com,"MakesMeFeel","Nude","bg2",
707e9a5c-b624-4664-a191-99316b6bc2c1,2/10/2012 3:38 PM,Color,lotaftmna@yaho.com,"ByFragranceType","Nude","bg3",
4f2b8d7c-6c0a-4967-af9d-a8d0b3554415,2/10/2012 3:48 PM,Color,jrajasegera@yahoo.com,"ByFragranceType","Bloom","bg1",
580f9df8-250f-46f7-bea1-58360343bca3,2/10/2012 3:50 PM,Color,jrajasegera@yahoo.com,"ByFragranceType","Bloom","bg1",
7b4fc485-9fbb-4522-a630-0d31a1771985,2/10/2012 4:09 PM,BW,feinhorn@elliman.com,"ByFragranceType","Nude","bg3",
c609db1e-160d-4e76-9987-296712123e71,2/10/2012 4:10 PM,BW,,"MakesMeFeel","Cancelled","bg3",
398e7a68-7a21-4857-beb0-9b6a2c84f9f0,2/10/2012 4:27 PM,Color,jpsobova@gmail.com,"ByFragranceType","Nude","bg3",
f9ac4f38-35ba-4fec-8f6f-4e5e0ed878bc,2/10/2012 4:29 PM,Color,jpsobova@gmail.com,"ByFragranceType","Bloom","bg2",
5df62064-0112-4cc0-ade9-938bbfee4f7a,2/10/2012 4:31 PM,Color,asalkeld@estee.com,"MakesMeFeel","Nude","bg3",
7a810627-9826-4048-aab3-6fc165a97777,2/10/2012 4:35 PM,BW,lora.price@pernod-ricard.com,"MakesMeFeel","Bloom","bg2",
87830d3f-5276-42fe-9d55-aef7454e992e,2/10/2012 4:42 PM,Color,amazinglife168@gmail.com,"MakesMeFeel","Nude","bg1",
94b06727-db05-4fd2-a977-37609f66bd71,2/10/2012 4:43 PM,Color,,"MakesMeFeel","Cancelled","bg1",
441a9452-053f-4e36-8b2b-f5502481f8d2,2/10/2012 4:51 PM,BW,eamon.mccaffrey68@btinternet.com,"MakesMeFeel","Cancelled","bg3",
25b03c5d-8e2a-4883-ab6c-844bbdfac052,2/10/2012 4:56 PM,BW,deidra.ramdat@pfizer.com,"MakesMeFeel","Nude","bg2",
469bfd4c-570c-4aaf-bc1d-41e6aa212302,2/10/2012 4:59 PM,Color,sagefarrar@gmail.com,"ByFragranceType","Sheer","bg1",
a2608461-53a4-4c08-a615-b80de0ca380e,2/10/2012 5:13 PM,Color,calphonso328@gmail.com,"MakesMeFeel","Sheer","bg3",
669fe19f-0ce4-4606-8c07-c3e548d6869d,2/10/2012 5:15 PM,Color,dgray@bhsusa.com,"ByFragranceType","Nude","bg3",
8a818a3a-9d5b-4e0c-9dfd-5861c11cb852,2/10/2012 5:19 PM,Color,kidmockba@gmail.com,"ByFragranceType","Nude","bg2",
426eba43-1ecd-4fc8-a61f-66b32dc01b3f,2/10/2012 5:21 PM,Color,quatrochi@aol.com,"MakesMeFeel","Nude","bg4",
81ce9e92-c212-47d4-bb28-4718bf8f322b,2/10/2012 5:31 PM,Color,sabesc@aol.com,"ByFragranceType","Cancelled","bg3",
d7c61023-659a-47e3-b3f4-284715e3b82e,2/10/2012 5:36 PM,Color,paoluevano@gmail.com,"ByFragranceType","Sheer","bg1",
369939ab-56ae-42c2-8dbc-f6c35ea68006,2/10/2012 5:52 PM,Color,swoopjns@gmail.com,"MakesMeFeel","Cancelled","bg3",
7b19ccfb-95db-40c0-abaf-0b77e970e41e,2/10/2012 5:54 PM,Color,yfdrama1@aol.com,"ByFragranceType","Bloom","bg1",
f7285c3f-ca55-48be-90b0-e71d5afd73ba,2/10/2012 5:57 PM,Color,jgeyton@aol.com,"ByFragranceType","Nude","bg1",
24c1e6ae-b81c-4042-9cdc-05fe082fcd8f,2/10/2012 5:59 PM,BW,m.nyc520@gmail.com,"MakesMeFeel","Nude","bg4",
6f5bf726-1abb-45bb-985e-0da9f5130d88,3/1/2012 9:21 AM,Color,jtli33@aol.com,"MakesMeFeel","Bloom","bg3",
dac01a21-1957-4b68-a6b3-e97e69706f01,3/1/2012 11:30 AM,Color,,"MakesMeFeel","Sheer","bg4",
2e22a578-f61a-4c43-9651-f4f16fff6a05,3/1/2012 12:04 PM,Color,,"MakesMeFeel","Cancelled","bg2",
ebae0657-0366-4cb7-9cd7-486e1beb6fd1,3/2/2012 11:22 AM,Color,jtli33@aol.com,"MakesMeFeel","Bloom","bg3",
bc17ecca-6827-46f7-bafd-fa2edc66b3d7,3/2/2012 11:57 AM,Color,,"MakesMeFeel","Bloom","bg1",
5f2b2635-8e0f-4e52-8814-11aaac679571,3/2/2012 12:29 PM,Color,jtli33@aol.com,"MakesMeFeel","Sheer","bg2",
4ce379d7-1163-4788-b5ab-a366167cd320,3/7/2012 12:19 PM,Color,,"MakesMeFeel","Bloom","bg2",
771c7637-a035-4d19-93c0-bdaadd51aa57,3/7/2012 7:03 PM,Color,,"MakesMeFeel","Cancelled","bg1",
714b5755-6152-4127-a42f-686ee52ae4b3,3/30/2012 4:52 PM,Color,,"MakesMeFeel","Bloom","bg2",
f08e5194-d16e-4d10-bb60-28775e8b189d,4/9/2012 5:33 PM,Color,,"ByFragranceType","Bloom","bg4",
