﻿<?xml version="1.0" encoding="utf-8" ?>
<Hercules configver="1">


 <!-- MountainDewDemo Skin -->

  <!-- How many photos are printed (4, 6) -->
  <add key="PHOTO_COUNT" value="6" />

  <!-- How many prints (1=single print, 2=two prints .. up to 99999 -->
  <add key="MAX_COPIES" value="1" />

  <!-- Allow user choice or force one each -->
  <add key="ALLOW_BACKGROUND_PICK" value="0" />

  <!-- How many backgrounds are we dealing with? -->
  <add key="BACKGROUNDS" value="1" />

  <!-- 1 = BW only, 2 = Color only 3 = User choice -->
  <add key="COLOR_TYPES" value="3" />

  <add key="ROOM_NUMBER_MODE" value="0" />



  <!-- touch area for start page -->
  <add key="StartButtonX" value="650" />
  <add key="StartButtonY" value="610" />
  <add key="StartButtonWidth" value="220" />
  <add key="StartButtonHeight" value="120" />
  <add key="StartButtonColor" value="" />

  <!-- touch area for skip email -->
  <add key="SkipEmailButtonX" value="900" />
  <add key="SkipEmailButtonY" value="40" />
  <add key="SkipEmailButtonWidth" value="100" />
  <add key="SkipEmailButtonHeight" value="100" />
  <add key="SkipEmailButtonColor" value=""/>  

  <!-- Publish methods -->
  <add key="AllowEmailPublish" value="1" />
  <add key="AllowPostPublish" value="0" />
  <add key="AllowFacebookPublish" value="1" />
  <add key="AllowMobilePublish" value="0" />
  <add key="HerculesPublishUrl" value="http://autolycus.mmeentertainment.com/hercules.php"/>
  <!-- cloud for the photo booths -->
  <add key="PublicPhotoUrl" value="http://eventpix.acumob.com/getphoto.php?pid={0}&amp;scale=0"/>

  <!-- Email settings -->
  <add key="ForceEmail" value="1" />
  <!-- user cannot skip the email screen (operator has hidden skip button) -->
    <add key="EmailPublishUrl" value="http://eventpix.acumob.com/photo.php" />



  <!-- leave blank to use smtp settings below -->
  <add key="SmtpServer" value="" />
  <add key="SmtpUsername" value="" />
  <add key="SmtpPassword" value="" />

  <!-- built-in customization -->
    <add key="CustomPhotoUrl" value="http://eventpix.acumob.com/getphoto.php?pid={0}&amp;scale=0" />
    <add key="CustomPublishUrl" value="http://navteqms.mobi/?pid={0}%26m=1" />

<add key="NoPreview" value="1" />


  <!-- 6 Photo customization -->
  <add key="Photo1_X" value="60" />
  <add key="Photo1_Y" value="20" />
  <add key="Photo1_W" value="430" />
  <add key="Photo1_H" value="570" />
  <add key="Photo1_Rotate" value="0" />

  <add key="Photo2_X" value="760" />
  <add key="Photo2_Y" value="20" />
  <add key="Photo2_W" value="430" />
  <add key="Photo2_H" value="570" />
  <add key="Photo2_Rotate" value="0" />

  <add key="Photo3_X" value="60" />
  <add key="Photo3_Y" value="610" />
  <add key="Photo3_W" value="430" />
  <add key="Photo3_H" value="570" />
  <add key="Photo3_Rotate" value="0" />

  <add key="Photo4_X" value="760" />
  <add key="Photo4_Y" value="610" />
  <add key="Photo4_W" value="430" />
  <add key="Photo4_H" value="570" />
  <add key="Photo4_Rotate" value="0" />

  <add key="Photo5_X" value="60" />
  <add key="Photo5_Y" value="1200" />
  <add key="Photo5_W" value="430" />
  <add key="Photo5_H" value="570" />
  <add key="Photo5_Rotate" value="0" />

  <add key="Photo6_X" value="760" />
  <add key="Photo6_Y" value="1200" />
  <add key="Photo6_W" value="430" />
  <add key="Photo6_H" value="570" />
  <add key="Photo6_Rotate" value="0" />



</Hercules>